<?xml version="1.0" encoding="UTF-8"?>
<project-private xmlns="http://www.netbeans.org/ns/project-private/1">
    <editor-bookmarks xmlns="http://www.netbeans.org/ns/editor-bookmarks/2" lastBookmarkId="0"/>
    <open-files xmlns="http://www.netbeans.org/ns/projectui-open-files/2">
        <group>
            <file>file:/D:/Documents/NetBeansProjects/clgwebsite/web/register.jsp</file>
            <file>file:/D:/Documents/NetBeansProjects/clgwebsite/web/register2.jsp</file>
            <file>file:/D:/Documents/NetBeansProjects/clgwebsite/web/index.html</file>
            <file>file:/D:/Documents/NetBeansProjects/clgwebsite/web/homepage.html</file>
            <file>file:/D:/Documents/NetBeansProjects/clgwebsite/web/ece.html</file>
            <file>file:/D:/Documents/NetBeansProjects/clgwebsite/web/course%20details.jsp</file>
            <file>file:/D:/Documents/NetBeansProjects/clgwebsite/web/aero.html</file>
            <file>file:/D:/Documents/NetBeansProjects/clgwebsite/src/java/LValidate.java</file>
            <file>file:/D:/Documents/NetBeansProjects/clgwebsite/web/mechanical.html</file>
            <file>file:/D:/Documents/NetBeansProjects/clgwebsite/web/register4.jsp</file>
            <file>file:/D:/Documents/NetBeansProjects/clgwebsite/web/eee.html</file>
            <file>file:/D:/Documents/NetBeansProjects/clgwebsite/src/java/h2connect.java</file>
            <file>file:/D:/Documents/NetBeansProjects/clgwebsite/web/cse.html</file>
            <file>file:/D:/Documents/NetBeansProjects/clgwebsite/web/register3.jsp</file>
            <file>file:/D:/Documents/NetBeansProjects/clgwebsite/web/WEB-INF/web.xml</file>
            <file>file:/D:/Documents/NetBeansProjects/clgwebsite/src/java/rvalidate.java</file>
        </group>
    </open-files>
</project-private>
